{
  "hash": "57b73f0d",
  "configHash": "7539f748",
  "lockfileHash": "0d9fb399",
  "browserHash": "0ce7abb8",
  "optimized": {
    "@angular/core": {
      "src": "../../../../../../node_modules/@angular/core/fesm2022/core.mjs",
      "file": "@angular_core.js",
      "fileHash": "0e0bdd64",
      "needsInterop": false
    },
    "@angular/platform-browser": {
      "src": "../../../../../../node_modules/@angular/platform-browser/fesm2022/platform-browser.mjs",
      "file": "@angular_platform-browser.js",
      "fileHash": "03d18965",
      "needsInterop": false
    },
    "@angular/platform-server": {
      "src": "../../../../../../node_modules/@angular/platform-server/fesm2022/platform-server.mjs",
      "file": "@angular_platform-server.js",
      "fileHash": "e702bc41",
      "needsInterop": false
    },
    "@angular/router": {
      "src": "../../../../../../node_modules/@angular/router/fesm2022/router.mjs",
      "file": "@angular_router.js",
      "fileHash": "2d4f5fb6",
      "needsInterop": false
    },
    "@angular/ssr": {
      "src": "../../../../../../node_modules/@angular/ssr/fesm2022/ssr.mjs",
      "file": "@angular_ssr.js",
      "fileHash": "7e0c88e0",
      "needsInterop": false
    },
    "@angular/ssr/node": {
      "src": "../../../../../../node_modules/@angular/ssr/fesm2022/node.mjs",
      "file": "@angular_ssr_node.js",
      "fileHash": "6207dcd2",
      "needsInterop": false
    },
    "express": {
      "src": "../../../../../../node_modules/express/index.js",
      "file": "express.js",
      "fileHash": "370a921d",
      "needsInterop": true
    }
  },
  "chunks": {
    "chunk-FISXVOL6": {
      "file": "chunk-FISXVOL6.js"
    },
    "chunk-GBSC4RWF": {
      "file": "chunk-GBSC4RWF.js"
    },
    "chunk-HEZ3B4FJ": {
      "file": "chunk-HEZ3B4FJ.js"
    },
    "chunk-MPNGC7QS": {
      "file": "chunk-MPNGC7QS.js"
    },
    "chunk-N3VLDOUF": {
      "file": "chunk-N3VLDOUF.js"
    },
    "xhr2-UMY7BS5A": {
      "file": "xhr2-UMY7BS5A.js"
    },
    "chunk-YHCV7DAQ": {
      "file": "chunk-YHCV7DAQ.js"
    }
  }
}