{
  "hash": "085440f6",
  "configHash": "042b18c0",
  "lockfileHash": "0d9fb399",
  "browserHash": "f57b79f7",
  "optimized": {
    "@angular/core": {
      "src": "../../../../../../node_modules/@angular/core/fesm2022/core.mjs",
      "file": "@angular_core.js",
      "fileHash": "818c7b80",
      "needsInterop": false
    },
    "@angular/platform-browser": {
      "src": "../../../../../../node_modules/@angular/platform-browser/fesm2022/platform-browser.mjs",
      "file": "@angular_platform-browser.js",
      "fileHash": "5d7abe3a",
      "needsInterop": false
    },
    "@angular/router": {
      "src": "../../../../../../node_modules/@angular/router/fesm2022/router.mjs",
      "file": "@angular_router.js",
      "fileHash": "627595fc",
      "needsInterop": false
    }
  },
  "chunks": {
    "chunk-3UXO2OWW": {
      "file": "chunk-3UXO2OWW.js"
    },
    "chunk-NDWHDQGE": {
      "file": "chunk-NDWHDQGE.js"
    }
  }
}